Date,Open,High,Low,Close,Volume,Dividends,Stock Splits,MA,LogReturn,Volatility
2025-04-25 00:00:00-04:00,261.69000244140625,286.8500061035156,259.6300048828125,284.95001220703125,167560700,0.0,0.0,,,
2025-04-28 00:00:00-04:00,288.9800109863281,294.8599853515625,272.4200134277344,285.8800048828125,151731800,0.0,0.0,,0.0032583903115033577,
2025-04-29 00:00:00-04:00,285.5,293.32000732421875,279.4700012207031,292.0299987792969,108906600,0.0,0.0,,0.021284373105168935,
2025-04-30 00:00:00-04:00,279.8999938964844,284.45001220703125,270.7799987792969,282.1600036621094,128961100,0.0,0.0,,-0.03438223363024816,
2025-05-01 00:00:00-04:00,280.010009765625,290.8699951171875,279.80999755859375,280.5199890136719,99659000,0.0,0.0,,-0.005829314402079844,
2025-05-02 00:00:00-04:00,284.8999938964844,294.7799987792969,279.80999755859375,287.2099914550781,114454700,0.0,0.0,,0.02356864125337387,
2025-05-05 00:00:00-04:00,284.57000732421875,284.8500061035156,274.3999938964844,280.260009765625,94618900,0.0,0.0,,-0.024495847170982712,
2025-05-06 00:00:00-04:00,273.1099853515625,277.7300109863281,271.3500061035156,275.3500061035156,76715800,0.0,0.0,,-0.01767474071206643,
2025-05-07 00:00:00-04:00,276.8800048828125,277.9200134277344,271.0,276.2200012207031,71592600,0.0,0.0,,0.0031546161942166075,
2025-05-08 00:00:00-04:00,279.6300048828125,289.79998779296875,279.4100036621094,284.82000732421875,97539400,0.0,0.0,,0.030659773437438274,
2025-05-09 00:00:00-04:00,290.2099914550781,307.0400085449219,290.0,298.260009765625,132387800,0.0,0.0,,0.046108194570086934,
2025-05-12 00:00:00-04:00,321.989990234375,322.2099914550781,311.5,318.3800048828125,112826700,0.0,0.0,,0.06528003118679684,
2025-05-13 00:00:00-04:00,320.0,337.5899963378906,316.79998779296875,334.07000732421875,136992600,0.0,0.0,,0.04810492051681205,
2025-05-14 00:00:00-04:00,342.5,350.0,337.0,347.67999267578125,136997300,0.0,0.0,,0.0399319216619113,
2025-05-15 00:00:00-04:00,340.3399963378906,346.1400146484375,334.7200012207031,342.82000732421875,97882600,0.0,0.0,,-0.01407694599861275,
2025-05-16 00:00:00-04:00,346.239990234375,351.6199951171875,342.3299865722656,349.9800109863281,95895700,0.0,0.0,,0.020670491941373468,
2025-05-19 00:00:00-04:00,336.29998779296875,343.0,333.3699951171875,342.0899963378906,88869900,0.0,0.0,,-0.02280219175263177,
2025-05-20 00:00:00-04:00,347.8699951171875,354.989990234375,341.6300048828125,343.82000732421875,131715500,0.0,0.0,,0.005044436283555748,
2025-05-21 00:00:00-04:00,344.42999267578125,347.3500061035156,332.20001220703125,334.6199951171875,102354800,0.0,0.0,,-0.027122740878422213,
2025-05-22 00:00:00-04:00,331.8999938964844,347.2699890136719,331.3900146484375,341.0400085449219,97113400,0.0,0.0,,0.019004252475032086,
2025-05-23 00:00:00-04:00,337.9200134277344,343.17999267578125,333.2099914550781,339.3399963378906,84654800,0.0,0.0,,-0.004997253689502847,
2025-05-27 00:00:00-04:00,347.3500061035156,363.7900085449219,347.32000732421875,362.8900146484375,120146400,0.0,0.0,,0.06709725458197968,
2025-05-28 00:00:00-04:00,364.8399963378906,365.0,355.9100036621094,356.8999938964844,91404300,0.0,0.0,,-0.016644185010272462,
2025-05-29 00:00:00-04:00,365.2900085449219,367.7099914550781,356.0,358.42999267578125,88087800,0.0,0.0,,0.0042777491260106125,
2025-05-30 00:00:00-04:00,355.5199890136719,363.67999267578125,345.2900085449219,346.4599914550781,123474900,0.0,0.0,,-0.03396601533337422,
2025-06-02 00:00:00-04:00,343.5,348.0199890136719,333.3299865722656,342.69000244140625,81873800,0.0,0.0,,-0.010941091649071494,
2025-06-03 00:00:00-04:00,346.6000061035156,355.3999938964844,343.0400085449219,344.2699890136719,99324500,0.0,0.0,,0.004599945784019605,
2025-06-04 00:00:00-04:00,345.1000061035156,345.6000061035156,327.3299865722656,332.04998779296875,98912100,0.0,0.0,,-0.03614067809813415,
2025-06-05 00:00:00-04:00,322.489990234375,324.54998779296875,273.2099914550781,284.70001220703125,287499800,0.0,0.0,,-0.15384948606327908,
2025-06-06 00:00:00-04:00,298.8299865722656,305.5,291.1400146484375,295.1400146484375,164747700,0.0,0.0,318.16766866048175,0.0360138325066553,
2025-06-09 00:00:00-04:00,285.9599914550781,309.8299865722656,281.8500061035156,308.5799865722656,140908900,0.0,0.0,318.95533447265626,0.04453121583281344,0.041862889106687895
2025-06-10 00:00:00-04:00,314.94000244140625,327.8299865722656,310.6700134277344,326.0899963378906,151256500,0.0,0.0,320.29566752115886,0.05519232015438431,0.042948399105513416
2025-06-11 00:00:00-04:00,334.3999938964844,335.5,322.5,326.42999267578125,122611400,0.0,0.0,321.442333984375,0.0010421025390305668,0.042832625969919894
2025-06-12 00:00:00-04:00,323.0799865722656,332.55999755859375,316.8599853515625,319.1099853515625,105127500,0.0,0.0,322.6740000406901,-0.022679683166052338,0.04252592219233076
2025-06-13 00:00:00-04:00,313.9700012207031,332.989990234375,313.29998779296875,325.30999755859375,128964300,0.0,0.0,324.16700032552086,0.019242741328905938,0.04257035660507764
2025-06-16 00:00:00-04:00,331.2900085449219,332.04998779296875,326.4100036621094,329.1300048828125,83925900,0.0,0.0,325.5643341064453,0.011674257976472,0.042446062322246
2025-06-17 00:00:00-04:00,326.0899963378906,327.260009765625,314.739990234375,316.3500061035156,88282700,0.0,0.0,326.767333984375,-0.03960360944657592,0.04288974926085391
2025-06-18 00:00:00-04:00,317.30999755859375,329.32000732421875,315.45001220703125,322.04998779296875,95137700,0.0,0.0,328.3240000406901,0.017857560202303197,0.04275989894076993
2025-06-20 00:00:00-04:00,327.95001220703125,332.3599853515625,317.7799987792969,322.1600036621094,108688000,0.0,0.0,329.85533345540364,0.00034155282181088666,0.04276767284532172
2025-06-23 00:00:00-04:00,327.5400085449219,357.5400085449219,327.4800109863281,348.67999267578125,190716800,0.0,0.0,331.98399963378904,0.07910624722725408,0.04463869558050131
2025-06-24 00:00:00-04:00,356.1700134277344,356.260009765625,340.44000244140625,340.4700012207031,114736200,0.0,0.0,333.39099934895836,-0.023827555571310416,0.044337156971778945
2025-06-25 00:00:00-04:00,342.70001220703125,343.0,320.3999938964844,327.54998779296875,119845100,0.0,0.0,333.69666544596356,-0.03868634165630777,0.04347015641287062
2025-06-26 00:00:00-04:00,324.6099853515625,331.04998779296875,323.6099853515625,325.7799987792969,80440900,0.0,0.0,333.4203318277995,-0.005418374727754274,0.04255669002597219
2025-06-27 00:00:00-04:00,324.510009765625,329.3399963378906,317.5,323.6300048828125,89067000,0.0,0.0,332.61866556803386,-0.006621400161764133,0.04186189993899133
2025-06-30 00:00:00-04:00,319.8999938964844,325.5799865722656,316.6000061035156,317.6600036621094,76695100,0.0,0.0,331.7799987792969,-0.01861926308527601,0.04191381280900658
2025-07-01 00:00:00-04:00,298.4599914550781,305.8900146484375,293.2099914550781,300.7099914550781,145085700,0.0,0.0,330.1376647949219,-0.0548353231730864,0.042730986638309654
2025-07-02 00:00:00-04:00,312.6300048828125,316.8299865722656,303.82000732421875,315.6499938964844,119483700,0.0,0.0,329.25633138020834,0.04848766871497916,0.04368184530769146
2025-07-03 00:00:00-04:00,317.989990234375,318.45001220703125,312.760009765625,315.3500061035156,58042300,0.0,0.0,328.3073313395182,-0.0009508330128998894,0.043658989569271854
2025-07-07 00:00:00-04:00,291.3699951171875,296.1499938964844,288.7699890136719,293.94000244140625,131177900,0.0,0.0,326.9513315836588,-0.07030747928005848,0.045171551548587305
2025-07-08 00:00:00-04:00,297.0,304.04998779296875,294.3500061035156,297.80999755859375,103246700,0.0,0.0,325.5103312174479,0.013080017887538436,0.045078921270831074
2025-07-09 00:00:00-04:00,297.54998779296875,300.1499938964844,293.54998779296875,295.8800048828125,75586800,0.0,0.0,324.06166483561196,-0.006501707849529647,0.045080309448844745
2025-07-10 00:00:00-04:00,300.04998779296875,310.4800109863281,300.0,309.8699951171875,104365300,0.0,0.0,322.29433085123696,0.046198855706690405,0.04408517993016421
2025-07-11 00:00:00-04:00,307.8900146484375,314.0899963378906,305.6499938964844,313.510009765625,79236400,0.0,0.0,320.847998046875,0.01167844971117151,0.04413632464260357
2025-07-14 00:00:00-04:00,317.7300109863281,322.6000061035156,312.6700134277344,316.8999938964844,78043400,0.0,0.0,319.4636647542318,0.01075495879659973,0.044195640507968766
2025-07-15 00:00:00-04:00,319.67999267578125,321.20001220703125,310.5,310.7799987792969,77556300,0.0,0.0,318.2743316650391,-0.019500985006087518,0.04393677405751035
2025-07-16 00:00:00-04:00,312.79998779296875,323.5,312.6199951171875,321.6700134277344,97284800,0.0,0.0,317.57366536458335,0.03444095462458378,0.044454315390249126
2025-07-17 00:00:00-04:00,323.1499938964844,324.3399963378906,317.05999755859375,319.4100036621094,73922900,0.0,0.0,316.7449991861979,-0.007050661595447646,0.044444564745567676
2025-07-18 00:00:00-04:00,321.6600036621094,330.8999938964844,321.4200134277344,329.6499938964844,94255000,0.0,0.0,316.6649993896484,0.031555911584314186,0.04439609602902247
2025-07-21 00:00:00-04:00,334.3999938964844,338.0,326.8800048828125,328.489990234375,75768800,0.0,0.0,318.1246653238932,-0.003525100711992725,0.03364192734225766
2025-07-22 00:00:00-04:00,329.739990234375,335.4100036621094,321.54998779296875,332.1099853515625,77370400,0.0,0.0,319.35699768066405,0.010959828902223289,0.03314688465162121
2025-07-23 00:00:00-04:00,330.8999938964844,336.20001220703125,328.6700134277344,332.55999755859375,92553800,0.0,0.0,320.1563313802083,0.0013540923687317768,0.03224856702582461
2025-07-24 00:00:00-04:00,310.0,310.1499938964844,300.4100036621094,305.29998779296875,156392500,0.0,0.0,319.4633310953776,-0.08552542784602518,0.034476163461802434
